{"cameraMode":{"drawMode":0,"name":"Shaded","section":"Shading Mode"},"sceneLighting":false,"audioPlay":false,"sceneViewState":{"m_AlwaysRefresh":false,"showFog":true,"showSkybox":false,"showFlares":true,"showImageEffects":true,"showParticleSystems":true,"showVisualEffectGraphs":true,"m_FxEnabled":true},"in2DMode":false,"pivot":{"x":-17.106298446655275,"y":0.40722107887268069,"z":-11.4218168258667},"rotation":{"x":-0.006653509568423033,"y":0.9830748438835144,"z":-0.1659470945596695,"w":-0.09309472143650055},"size":2.8946893215179445,"orthographic":false}