{"cameraMode":{"drawMode":0,"name":"Shaded","section":"Shading Mode"},"sceneLighting":false,"audioPlay":false,"sceneViewState":{"m_AlwaysRefresh":false,"showFog":true,"showSkybox":false,"showFlares":true,"showImageEffects":true,"showParticleSystems":true,"showVisualEffectGraphs":true,"m_FxEnabled":true},"in2DMode":false,"pivot":{"x":0.0770256444811821,"y":2.4999067783355715,"z":0.045332618057727817},"rotation":{"x":-0.12648068368434907,"y":0.8345764875411987,"z":-0.21488142013549806,"w":-0.49123793840408327},"size":0.01612713187932968,"orthographic":false}