{"cameraMode":{"drawMode":0,"name":"Shaded","section":"Shading Mode"},"sceneLighting":false,"audioPlay":false,"sceneViewState":{"m_AlwaysRefresh":false,"showFog":true,"showSkybox":false,"showFlares":true,"showImageEffects":true,"showParticleSystems":true,"showVisualEffectGraphs":true,"m_FxEnabled":true},"in2DMode":false,"pivot":{"x":-0.03630164638161659,"y":2.66642165184021,"z":-1.023228406906128},"rotation":{"x":0.27687957882881167,"y":0.00892858300358057,"z":-0.003093252656981349,"w":0.961438775062561},"size":0.6483109593391419,"orthographic":false}